runid,recall,precision,f-score
MICROPINION_ROUGE-2,0.00316698757763975,0.00864903726708074,0.00416034161490683
MI_OP_A_ROUGE-2,0.00446437888198758,0.0117322049689441,0.00592599378881988
