runid,recall,precision,f-score
MICROPINION_ROUGE-1,0.041052950310559,0.105947577639752,0.0556850310559006
MI_OP_A_ROUGE-1,0.047492701863354,0.102326428571429,0.0601233850931677
